0c90e9e0-ca92-41cb-92e5-9728e677bff1,Happy,2026-06-05,5,Had a great day!
d8c09496-0562-4f68-8cf0-9ac2e737bdee,Anxious,2026-06-04,2,Feeling low today
9c7855ef-f4d6-42b6-86b5-e53e9c7d4681,Calm,2026-06-03,3,Work stress
6e69ca7e-75c2-4e2b-bfa2-dc182c7fc970,Happy,2026-06-02,4,Peaceful morning
46a9bd4c-52e0-46ed-9db8-319764515e4b,Excited,2026-06-01,5,New project!
25814e7a-3d64-4e33-b1f4-68307c6ee603,Sad,2026-05-31,2,Traffic was awful
83e1096b-7fdf-4b71-86b6-2271cc139d98,Tired,2026-05-30,3,Long week
252df8e4-2660-4559-8c62-9e3d9cd56f9d,Happy,2026-05-29,4,Had a great day!
325d874c-b07f-4b74-ba30-c3ecdf86d8d6,Calm,2026-05-28,4,Feeling low today
f2a26780-46fa-4b2a-b6d9-320ba1d2693c,Excited,2026-05-27,5,Work stress
36303fe1-2fa9-4c44-ab3a-762980c8fb77,Anxious,2026-05-26,2,Peaceful morning
6fc42356-db9d-4db4-b8f5-d6f804672fc2,Happy,2026-05-25,3,New project!
6cc631ba-c3fa-46f9-a3a7-03ef415eb18c,Sad,2026-05-24,3,Traffic was awful
b4ac3fdc-dc3d-4860-9738-c0a03e6827ca,Calm,2026-05-23,4,Long week
e8c795a4-9e86-497e-aeb3-c9c6ead255b7,Angry,2026-05-22,2,Had a great day!
6b29ffa6-321b-4c98-b8dd-1fd99e1ee006,Happy,2026-05-21,5,Feeling low today
5c04e4a4-4d3f-4a3a-a5a5-da6bf3080caa,Tired,2026-05-20,3,Work stress
2b93986e-3cef-41b1-876e-42f073f4f691,Happy,2026-05-19,4,Peaceful morning
b16af96f-0317-4289-b5b4-0a5f765af741,Anxious,2026-05-18,1,New project!
d816ef1c-8356-4311-91fb-c67479b39d46,Excited,2026-05-17,5,Traffic was awful
318d2f77-6f30-4dc1-b3e7-f6b2f4bdcce5,Calm,2026-05-16,2,Long week
3732b431-b186-495e-bd47-bb8829278bc3,Happy,2026-05-15,4,Had a great day!
c21c1902-1897-461a-9230-13b9907c9cf1,Sad,2026-05-14,3,Feeling low today
92ba3720-6540-44d9-b744-6cfdfba6fe47,Happy,2026-05-13,5,Work stress
952d1c8b-d874-4484-95a2-3d5980a6beb7,Excited,2026-05-12,3,Peaceful morning
0ebed20d-3398-41fb-a495-d9386aa97643,Anxious,2026-05-11,2,New project!
66cd8e7e-bb81-4720-861b-3ca857aa8677,Happy,2026-05-10,5,Traffic was awful
88f8296d-6e77-4105-bf11-5f0bc3fceaee,Calm,2026-05-09,4,Long week
